Name,Age,Email,City
Mark Thompson,35,danielfranklin@williams.com,South Meghan
Joseph Miller,50,lspencer@ramos.com,Joannaton
Omar Mcdonald,50,ecrawford@hotmail.com,Port Alexis
Micheal Rivera,50,myersvalerie@marsh.com,Gloriastad
Christine Mendoza,26,masseymichael@yahoo.com,Jasonville
Mr. Francisco Hayes,32,daniellawson@joseph-forbes.com,New Lisafurt
Rebecca Porter,52,claypatrick@yahoo.com,Perrybury
Anna Sanchez,67,perezerik@yahoo.com,South Monicafurt
Richard Mack,41,mckenziedavis@moore.com,Williammouth
Melissa Vazquez,62,jenniferolson@hotmail.com,New Carriechester
Matthew Dunn,22,brownashley@hotmail.com,West Johnville
Amy Cummings,36,shannon39@gmail.com,North Glennchester
Jeff Brown,31,olewis@yahoo.com,Haneyville
Alfred Ramos,65,nlindsey@yahoo.com,East Christopher
Scott Woods,39,hansentyler@smith-lester.com,Crosbyhaven
Jaime Anderson,25,zwilliams@adams.com,North Angelaton
Michael Sanders,41,austin24@malone.biz,Middletonhaven
William Hernandez,50,sandra12@mcmahon.info,Everetttown
Christopher Banks,44,bridgesann@yahoo.com,Darrylland
Tina Armstrong,33,john38@hotmail.com,West Edgar
Daniel Stanley,59,alicia36@miller-cox.biz,West Jaime
Danielle Rose,45,juliehood@gmail.com,Churchchester
Amanda Ford,44,nhull@hotmail.com,Jessicaport
Sarah Davis,69,michelle67@scott.com,Jacksonhaven
Joshua Miller,33,jessica88@yahoo.com,Port Jacobshire
Edward Jennings,29,clementsamy@doyle.com,South Anthonymouth
Mark Kramer,53,fgarcia@graham-harris.com,Joannaview
Eugene Kelly,24,hunterkyle@hotmail.com,West Deanna
Dr. Todd Douglas,52,amy56@hotmail.com,West Justinhaven
Laura Solomon,46,uirwin@huff.info,Alexandershire
Melanie Bell,64,osimpson@gmail.com,Murphystad
Debbie Farrell,33,xrogers@hotmail.com,South Thomaston
David Williams,46,glendathompson@king.com,Lake Thomas
Keith Lawrence,69,ricekelsey@gmail.com,West Michaelton
Kimberly Jacobs,60,kristenallen@howell-mendoza.com,Steveberg
Shawn Lee,42,jaywilliams@yahoo.com,West Misty
Michael Galloway,64,john51@wilson-thomas.biz,New Troyberg
Michelle Perez,67,grocha@hotmail.com,North Janet
Austin Cruz,51,castrorobert@hotmail.com,West Anthony
Tracy Hebert,53,nreeves@gregory-cervantes.com,Garciaside
Angela Cruz,33,gomezjason@blair.com,Brownfurt
David Zimmerman,32,sarahobrien@ball.com,Lake James
Lindsay Gamble MD,31,kellymedina@herrera.com,Adamfurt
Sherry Morrow,49,clifford07@gmail.com,Edwardsside
Taylor Coffey,62,martinsamantha@yahoo.com,West Danielleton
Dylan Estrada,24,jennifer81@perkins.info,North Tiffanyville
Bonnie Turner,18,ldunn@carlson.biz,Payneburgh
Meredith Strickland,20,richardsonmichael@sherman.com,New Williamtown
Victoria Williams,26,walkertraci@harmon.com,Bridgethaven
Matthew Warren,25,vmora@yahoo.com,Port Jeffmouth
